{
  "selected_threshold": 0.3236017120838275,
  "baseline_logreg": {
    "validation_t0.5": {
      "accuracy": 0.8154761904761905,
      "precision": 0.7972027972027972,
      "recall": 0.7755102040816326,
      "f1": 0.7862068965517242,
      "roc_auc": 0.8825900730662636,
      "pr_auc": 0.8676041693612454,
      "confusion_matrix": {
        "tn": 160,
        "fp": 29,
        "fn": 33,
        "tp": 114
      }
    },
    "test_t0.5": {
      "accuracy": 0.7976190476190477,
      "precision": 0.7906976744186046,
      "recall": 0.8095238095238095,
      "f1": 0.8,
      "roc_auc": 0.8849914965986394,
      "pr_auc": 0.8783520450961624,
      "confusion_matrix": {
        "tn": 132,
        "fp": 36,
        "fn": 32,
        "tp": 136
      }
    }
  },
  "strong_gbm": {
    "validation_selected_t": {
      "accuracy": 0.7797619047619048,
      "precision": 0.6994535519125683,
      "recall": 0.8707482993197279,
      "f1": 0.7757575757575758,
      "roc_auc": 0.8770831083756254,
      "pr_auc": 0.8649673098668726,
      "confusion_matrix": {
        "tn": 134,
        "fp": 55,
        "fn": 19,
        "tp": 128
      }
    },
    "test_selected_t": {
      "accuracy": 0.7886904761904762,
      "precision": 0.7412935323383084,
      "recall": 0.8869047619047619,
      "f1": 0.8075880758807588,
      "roc_auc": 0.8722363945578231,
      "pr_auc": 0.8479746938934931,
      "confusion_matrix": {
        "tn": 116,
        "fp": 52,
        "fn": 19,
        "tp": 149
      }
    },
    "test_t0.5": {
      "accuracy": 0.8035714285714286,
      "precision": 0.7965116279069767,
      "recall": 0.8154761904761905,
      "f1": 0.8058823529411765,
      "roc_auc": 0.8722363945578231,
      "pr_auc": 0.8479746938934931,
      "confusion_matrix": {
        "tn": 133,
        "fp": 35,
        "fn": 31,
        "tp": 137
      }
    }
  },
  "feature_groups": {
    "numeric": [
      "recency_days",
      "frequency_180d",
      "monetary_180d",
      "return_rate_180d",
      "avg_discount_pct_180d",
      "avg_rating_180d",
      "category_diversity_180d",
      "ticket_count_90d",
      "negative_ticket_rate_90d",
      "avg_resolution_hours_90d",
      "days_since_signup",
      "sessions_30d",
      "product_views_30d",
      "cart_adds_30d",
      "wishlist_adds_30d",
      "abandoned_carts_30d",
      "email_opens_30d",
      "campaign_clicks_30d",
      "last_visit_days_ago"
    ],
    "categorical": [
      "city_tier",
      "age_group",
      "acquisition_channel",
      "loyalty_tier",
      "preferred_category",
      "marketing_consent"
    ]
  },
  "n_train": 1728,
  "n_val": 336,
  "n_test": 336,
  "positive_rate_train": 0.4699074074074074,
  "top_features": [
    {
      "feature": "recency_days",
      "importance": 0.6096170768157914
    },
    {
      "feature": "monetary_180d",
      "importance": 0.0977294390986831
    },
    {
      "feature": "days_since_signup",
      "importance": 0.03862607240882558
    },
    {
      "feature": "last_visit_days_ago",
      "importance": 0.03590580546348954
    },
    {
      "feature": "return_rate_180d",
      "importance": 0.02882683234731505
    },
    {
      "feature": "product_views_30d",
      "importance": 0.02736016301191441
    },
    {
      "feature": "avg_discount_pct_180d",
      "importance": 0.01667658286915903
    },
    {
      "feature": "avg_rating_180d",
      "importance": 0.016197942304892625
    },
    {
      "feature": "avg_resolution_hours_90d",
      "importance": 0.015054032440162604
    },
    {
      "feature": "frequency_180d",
      "importance": 0.014897556378057335
    },
    {
      "feature": "cart_adds_30d",
      "importance": 0.013625966613268361
    },
    {
      "feature": "negative_ticket_rate_90d",
      "importance": 0.01120010054927798
    },
    {
      "feature": "campaign_clicks_30d",
      "importance": 0.00843363430245531
    },
    {
      "feature": "sessions_30d",
      "importance": 0.00792722241202795
    },
    {
      "feature": "email_opens_30d",
      "importance": 0.005877427355939599
    },
    {
      "feature": "wishlist_adds_30d",
      "importance": 0.0057393245524196826
    },
    {
      "feature": "abandoned_carts_30d",
      "importance": 0.005080935009791416
    },
    {
      "feature": "acquisition_channel_Organic",
      "importance": 0.004838388478980684
    },
    {
      "feature": "category_diversity_180d",
      "importance": 0.004300295316291261
    },
    {
      "feature": "preferred_category_Hair Care",
      "importance": 0.003580422301974603
    }
  ]
}